-- Populate User, Permission, RolePermission and User tables.

INSERT INTO `Role` (Id, Name, Description) VALUES ('4D4EBF01-FAC0-493E-8AC1-68B8A036BD30', 'User', 'User');

UPDATE `User` SET `RoleId`='4D4EBF01-FAC0-493E-8AC1-68B8A036BD30';

DELETE FROM `Role` WHERE `Id` IN ('8BB5C141-1F05-480E-9B7F-8070269BFD46', '2C6E33B8-BD7C-492C-807D-B4B1BCAE5F4F');

INSERT INTO `Permission` (Id, Name, Description) VALUES ('09947637-24E6-41C5-AB11-496D3868AC77', 'ViewSpot', 'View Spot');
INSERT INTO `Permission` (Id, Name, Description) VALUES ('46F84E74-C976-455F-BAD6-AE9D1C2682BE', 'AddSpot', 'Add Spot');
INSERT INTO `Permission` (Id, Name, Description) VALUES ('3962F71A-7DD1-4881-9433-DFE041FF3AFE', 'DeleteSpot', 'Delete Spot');
INSERT INTO `Permission` (Id, Name, Description) VALUES ('C6791A32-8C75-4FEC-8E52-180C5C0BBC6C', 'EditSpot', 'Edit Spot');
INSERT INTO `Permission` (Id, Name, Description) VALUES ('7661F5A9-7CA4-483F-BA4C-549BD5258915', 'ViewMessage', 'View Message');
INSERT INTO `Permission` (Id, Name, Description) VALUES ('1C933565-9117-4AEA-AB34-F1E91DC1B092', 'AddMessage', 'Add Message');
INSERT INTO `Permission` (Id, Name, Description) VALUES ('4134DE3A-735C-4917-B496-B18E00E506A0', 'DeleteMessage', 'Delete Message');
INSERT INTO `Permission` (Id, Name, Description) VALUES ('F85CE0BA-C101-4966-96EB-0B6D08F2977B', 'EditMessage', 'Edit Message');
INSERT INTO `Permission` (Id, Name, Description) VALUES ('47052CD9-6820-45B5-B64F-92559320230D', 'ViewUser', 'View User');
INSERT INTO `Permission` (Id, Name, Description) VALUES ('26A3B73F-267B-4A32-B04A-4E09F9364188', 'AddUser', 'Add User');
INSERT INTO `Permission` (Id, Name, Description) VALUES ('69D07D61-040A-4D90-AB8F-8C858EEB86A4', 'DeleteUser', 'Delete User');
INSERT INTO `Permission` (Id, Name, Description) VALUES ('DAEF63F8-BC86-433B-8A41-2720D832238D', 'EditUser', 'Edit User');

INSERT INTO `RolePermission` (Id, PermissionId, RoleId) VALUES ('438598AD-D69B-46D1-8D6A-BEF68556E79A', '09947637-24E6-41C5-AB11-496D3868AC77', '4D4EBF01-FAC0-493E-8AC1-68B8A036BD30');
INSERT INTO `RolePermission` (Id, PermissionId, RoleId) VALUES ('8544633F-7614-405D-868C-97AEA97D04B5', '46F84E74-C976-455F-BAD6-AE9D1C2682BE', '4D4EBF01-FAC0-493E-8AC1-68B8A036BD30');
INSERT INTO `RolePermission` (Id, PermissionId, RoleId) VALUES ('26C7C5EB-4B22-4FCE-9526-C981E7340402', '3962F71A-7DD1-4881-9433-DFE041FF3AFE', '4D4EBF01-FAC0-493E-8AC1-68B8A036BD30');
INSERT INTO `RolePermission` (Id, PermissionId, RoleId) VALUES ('6475BB1D-49C4-4180-8E90-1B0158F2B33B', 'C6791A32-8C75-4FEC-8E52-180C5C0BBC6C', '4D4EBF01-FAC0-493E-8AC1-68B8A036BD30');
INSERT INTO `RolePermission` (Id, PermissionId, RoleId) VALUES ('993ADB36-D68C-4761-A75D-481EEC07E63A', '7661F5A9-7CA4-483F-BA4C-549BD5258915', '4D4EBF01-FAC0-493E-8AC1-68B8A036BD30');
INSERT INTO `RolePermission` (Id, PermissionId, RoleId) VALUES ('F9BCA025-2AE2-4357-9A25-842CE9998ACC', '1C933565-9117-4AEA-AB34-F1E91DC1B092', '4D4EBF01-FAC0-493E-8AC1-68B8A036BD30');
INSERT INTO `RolePermission` (Id, PermissionId, RoleId) VALUES ('BB04C4D9-DFD7-438D-AAC1-4933090E8B48', '4134DE3A-735C-4917-B496-B18E00E506A0', '4D4EBF01-FAC0-493E-8AC1-68B8A036BD30');
INSERT INTO `RolePermission` (Id, PermissionId, RoleId) VALUES ('3A903B23-F8C1-4091-9645-4BFC15F677D3', 'F85CE0BA-C101-4966-96EB-0B6D08F2977B', '4D4EBF01-FAC0-493E-8AC1-68B8A036BD30');
INSERT INTO `RolePermission` (Id, PermissionId, RoleId) VALUES ('E5ED7A6B-079A-4612-98D9-2D44ED670DED', '47052CD9-6820-45B5-B64F-92559320230D', '4D4EBF01-FAC0-493E-8AC1-68B8A036BD30');
INSERT INTO `RolePermission` (Id, PermissionId, RoleId) VALUES ('F4D1375A-1459-4751-97DE-710E417E5A89', '26A3B73F-267B-4A32-B04A-4E09F9364188', '4D4EBF01-FAC0-493E-8AC1-68B8A036BD30');
INSERT INTO `RolePermission` (Id, PermissionId, RoleId) VALUES ('2EB9A4E7-4596-4744-A3D5-EE641991DF3A', '69D07D61-040A-4D90-AB8F-8C858EEB86A4', '4D4EBF01-FAC0-493E-8AC1-68B8A036BD30');
INSERT INTO `RolePermission` (Id, PermissionId, RoleId) VALUES ('08A56039-6B07-4B02-88B3-0D347BC3110B', 'DAEF63F8-BC86-433B-8A41-2720D832238D', '4D4EBF01-FAC0-493E-8AC1-68B8A036BD30');


DELETE FROM `RolePermission` WHERE `Id` IN ('5B5C757D-8383-45AF-AE89-D30C711144A6', '5C958082-B286-46DC-BBB6-3C9A2B970D13', '5105CF79-2E2D-4E84-93FD-595BCFB3FAFC');
DELETE FROM `Permission` WHERE `Id` IN ('326FBC6E-65EC-48ED-B381-7F3648D404FB', '6BE24D48-453A-4801-9535-8498A3391B74') ;
DELETE FROM `Role` WHERE `Id` IN ('8BB5C141-1F05-480E-9B7F-8070269BFD46', '2C6E33B8-BD7C-492C-807D-B4B1BCAE5F4F');

--//@UNDO

DELETE FROM `User`;
DELETE FROM `RolePermission`;
DELETE FROM `Permission`;
DELETE FROM `Role`;

INSERT INTO `Role` (Id, Name, Description) VALUES ('8BB5C141-1F05-480E-9B7F-8070269BFD46', 'Admin', 'Admin User');
INSERT INTO `Role` (Id, Name, Description) VALUES ('2C6E33B8-BD7C-492C-807D-B4B1BCAE5F4F', 'Customer', 'Admin User');

INSERT INTO `Permission` (Id, Name, Description) VALUES ('326FBC6E-65EC-48ED-B381-7F3648D404FB', 'MakeBooking', 'Make Booking');
INSERT INTO `Permission` (Id, Name, Description) VALUES ('6BE24D48-453A-4801-9535-8498A3391B74', 'ViewAllBookings', 'View All Bookings');

INSERT INTO `RolePermission` (Id, PermissionId, RoleId) VALUES ('5B5C757D-8383-45AF-AE89-D30C711144A6', '326FBC6E-65EC-48ED-B381-7F3648D404FB', '8BB5C141-1F05-480E-9B7F-8070269BFD46');
INSERT INTO `RolePermission` (Id, PermissionId, RoleId) VALUES ('5C958082-B286-46DC-BBB6-3C9A2B970D13', '6BE24D48-453A-4801-9535-8498A3391B74', '8BB5C141-1F05-480E-9B7F-8070269BFD46');
INSERT INTO `RolePermission` (Id, PermissionId, RoleId) VALUES ('5105CF79-2E2D-4E84-93FD-595BCFB3FAFC', '326FBC6E-65EC-48ED-B381-7F3648D404FB', '2C6E33B8-BD7C-492C-807D-B4B1BCAE5F4F');

INSERT INTO `User` (Id, Username, Password, PasswordSalt, FirstName, LastName, Email, Enabled, RoleId) 
VALUES ('B9A3886F-4120-45C8-B060-AC09A4386859', 'barry@blue.com', 'JDJhJDEwJC5ERWNTRER6R21VV21pWWNRZW5aSHVFSi5JMWljT1BmRU9CSGdiU2xYNi55c0lIQkRpODd1', '', 'Barry', 'Blue', 'barry@blue.com', 1, '8BB5C141-1F05-480E-9B7F-8070269BFD46');

INSERT INTO `User` (Id, Username, Password, PasswordSalt, FirstName, LastName, Email, Enabled, RoleId)
VALUES ('8508E688-4059-4208-9CB6-B23DC436F501', 'veronica@violet.com', 'JDJhJDEwJC5ERWNTRER6R21VV21pWWNRZW5aSHVFSi5JMWljT1BmRU9CSGdiU2xYNi55c0lIQkRpODd1', '$2a$10$.DEcSDDzGmUWmiYcQenZHu', 'Veronica', 'Violet', 'veronica@violet.com', 1, '2C6E33B8-BD7C-492C-807D-B4B1BCAE5F4F');

